iter	Logloss
0	0.6896788129
1	0.6825437584
2	0.679588067
3	0.6785782416
4	0.6765155038
5	0.6761759134
6	0.6746471303
7	0.6714862523
8	0.6707874005
9	0.6694484514
